hanam, hanam, zinc, zinc
-13.163862,-12.1422825,-1.6458869,-6.880422
-13.940008,-15.874797,-1.680483,-6.8804984
